,fluxes
3HAD160,0.007612032513509318
13DAMPPabcpp,0.0
13DAMPPtex,0.0
15DAPabcpp,0.0
1P2CBXLCYCL,0.0
1P2CBXLR,0.0
1PPDCRc,0.0
1PQQS,4.75565431308505e-05
1PY4h3cAH,0.0
23CTI1,0.0
23CTI2,0.0
23CTI3,0.0
24DECOAR,0.0
25DKGLCNt2rpp,0.0
25DKGLCNtex,0.0
26DAHtex,0.0
2AACLPGT160,0.0
2AACLPGT161,0.0
2AACLPGT180,0.0
2AACLPGT181,0.0
2AACLPPEAT160,0.0
2AACLPPEAT161,0.0
2AACLPPEAT180,0.0
2AACLPPEAT181,0.0
2AGPE160tipp,0.0
2AGPE161tipp,0.0
2AGPE180tipp,0.0
2AGPE181tipp,0.0
2AGPG160tipp,0.0
2AGPG161tipp,0.0
2AGPG180tipp,0.0
2AGPG181tipp,0.0
2DHGLCK,0.0
2DHGLCNkt_tpp,0.0
2DHGLCNtex,0.0
2PQQS,4.75565431308505e-05
34DHCINMtex,0.0
34DHCINMtpp,0.0
34DHPHEtex,0.0
34DHPHEtpp,0.0
34HPPOR,0.0
3AIBT2,0.0
3HAACOAT100,0.0
3HAACOAT120,0.0
3HAACOAT121,0.0
3HAACOAT140,-0.007793301848313007
3HAACOAT141,0.007793301848313007
3HAACOAT60,0.0
3HAACOAT80,0.0
3HAD100,0.056792748884200876
3HAD120,0.003708983848124448
3HAD121,0.04937478118795198
3HAD140,0.007793301848313007
3HAD141,0.04158147933963898
ACOAD31f,0.0
ACOAD32f,0.0
ACOAD33f,0.0
ACOAD34f,0.0
ACOAD3f,0.0
ACOAD4f,0.0
ACOAD5f,0.0
ACOAD6f,0.0
ACOAD7f,0.0
ACOAD8f,0.0
ACOADH1,0.0
ACOADH2,0.0
ACOATA,0.06054928927545618
ACODA,0.08273708237150976
ACONCt4pp,0.0
ACONCtex,0.0
ACONIs,0.0
ACONMT,0.0
ACONTa,1.3239810732397435
ACONTb,1.3239810732397435
ACOTA,-0.08273708237150976
ACPPAT120,0.0
ACPPAT140,0.0
ACPPAT141,0.0
ACPPAT160,0.0
ACPPAT161,0.0
ACPPAT180,0.0
ACPPAT181,0.0
ACPS1,0.0
ACS,0.1254072440101755
ACS2,0.0
ACSERtex,0.0
ACSERtpp,0.0
ACSPHAC100,0.0
ACSPHAC101,0.0
ACSPHAC120,0.0
ACSPHAC121,0.0
ACSPHAC121d6,0.0
ACSPHAC140,0.0
ACSPHAC141,0.0
ACSPHAC141d5,0.0
ACSPHAC142,0.0
ACSPHAC160,0.0
ACSPHAC40,0.0
ACSPHAC50,0.0
ACSPHAC60,0.0
ACSPHAC70,0.0
ACSPHAC80,0.0
ACSPHAC90,0.0
ACSPHACP100,0.0
ACSPHACP40,0.0
ACSPHACP50,0.0
ACSPHACP60,0.0
ACSPHACP70,0.0
ACSPHACP80,0.0
ACSPHACP90,0.0
ACSPHACT40,0.0
ACSPHACT60,0.0
DGUDBUTNabcpp,0.0
ALGE9,0.0
ALGL,0.0
ALGL2,0.0
ALGSex1,0.0
ALGSex10,0.0
ALGSex11,0.0
ALGSex12,0.0
ALGSex13,0.0
ALGSex2,0.0
ALGSex3,0.0
ALGSex4,0.0
ALGSex5,0.0
ALGSex6,0.0
ALGSex7,0.0
ALGSex8,0.0
ALGSex9,0.0
ALLTAMH,0.0
ALLTN,0.0
ALLTNRA,0.0
ALLTNt2rpp,0.0
ALLTNtex,0.0
ALPATE160pp,0.0
ALPATE161pp,0.0
ALPATE180pp,0.0
ALPATE181pp,0.0
ALPATG160pp,0.0
ALPATG161pp,0.0
ALPATG180pp,0.0
ALPATG181pp,0.0
ALTRH,0.0
AM3PA,0.0
AM4PA,0.0
AM4PCP,0.0
AMAOTr,4.75565431308505e-05
AMID4,0.0
AMPMS2,4.75565431308505e-05
AMPN,0.0
AMPTASEAH,0.0
AMPTASEAL,0.0
AMPTASEAT,0.0
AMPTASEATRP,0.0
AMPTASECG,0.0
GLYGLYCNc,0.0
AMPTASEGGLN,0.0
AMPTASEGGLU,0.0
AMPTASEGM,0.0
GLYPHEHYc,0.0
AMPTASEGS,0.0
AMPTASEHG,0.0
AMPTASEHH,0.0
LEULEULAPc,0.0
AMPTASEPG,0.0
ANHMK,0.0
ANPRT,0.016547117913044626
ANS,0.0
ANS2,0.016547117913044626
AOBUTDs,4.75565431308505e-05
AOXHEXCYCL,0.0
AOXSr2,4.75565431308505e-05
AP4AH,0.0
AP4AS,0.0
APATr,0.0
APCt5,0.0
APCt6,0.0
APCtex,0.0
APCtpp,0.0
APENTAMAH2,0.0
APG3PAT120,0.0
APG3PAT140,0.0
APG3PAT141,0.0
APG3PAT160,0.0
APG3PAT161,0.0
APG3PAT180,0.0
APG3PAT181,0.0
APPLDHr,4.75565431308505e-05
APRAUR,0.0001426696293925515
APSR,0.03891362124741045
APSR2,0.0
APTNAT,0.0
ARBTNR1,0.0
ARBTNR2,0.0
ARBTNabcpp,0.0
ARBTNexs,0.0
ARBTNtex,0.0
ARBTNtonex,0.0
ARBTNtpp,0.0
ARBt3ipp,0.0
ARGDr,0.0
ARGDC,0.0
ARGDCpp,0.0
ARGORNt7pp,0.0
ARGSL,0.07554687426299067
ARGSS,0.07554687426299067
ARGTRS,0.0
ARGabcpp,0.0
ARGt2pp,0.0
ARGtex,0.0
AROH,0.0
ARUH,0.0
ASAD,-0.07027641503906314
ASNN,0.0
ASNNpp,0.0
ASNS1,0.03389331370551211
ASNtex,0.0
ASO3t2pp,0.0
ASO3tex,0.0
ASO4rt2rpp,0.0
ASO4tex,0.0
ASP3H,4.75565431308505e-05
ASPCT,0.07072425692504865
ASPK,0.07027641503906314
ASPO1,0.0
ASPO3,0.0
ASPO5,0.0004853753011922479
ASPO6,0.0
ASPSALy,0.0
ASPT,0.0
BZDH,0.0
BZDIOLDH,0.0
BZt1pp,0.0
BZt2_pp,0.0
BZtex,0.0
BIOMASS_KT2440_Core2,0.0
BIOMASS_KT2440_WT3,0.21325804094551792
CA2tex,0.0009012284810357587
CACOAHA,0.0
CAFFCOA,0.0
CARBSARAH,0.0
CARNabcpp,0.0
CARNtex,0.0
CAT,0.00016644790095798306
CAT23DOX,0.0
CATDOX,0.0
CATECHOLtex,0.0
CATECHOLtpp,0.0
CATpp,0.0
CAt6pp,-0.0009012284810357587
CBIAT,0.0
CBItonex,0.0
CBIuabcpp,0.0
CBL1abcpp,0.0
CBL1tonex,0.0
CBLAT,0.0
CBMKr,0.14812562311210153
CBPAH,0.0
CBPS,0.0
CCGS,0.0
CCPpp,0.0
CD2abcpp,0.0
CD2t3pp,0.0
CD2t4pp,0.0
CD2t5,0.0
CD2t6,0.0
CD2tex,0.0
CD2tpp,0.0
CDGR,0.0
CDGS,0.0
CDPMEK,0.0006521430892113942
CELASEpp,0.0
CELLS,0.0
CELLex,0.0
CFAS160E,8.743579678766234e-05
CFAS160G,4.819631725368705e-05
CFAS180E,0.0
CFAS180G,0.0
CGLYabcpp,0.0
CGLYtex,0.0
CHLabcpp,0.0
CHLtex,0.0
CHOLD,0.0
CHOLSH,0.0
CHOLS_ex,0.0
CHOLSabc,0.0
CPPPGO2,0.0
CREAT,0.0
CREATtex,0.0
CREATtpp,0.0
CRNDH,0.0
CRNabcpp,0.0
CRNtex,0.0
CRO2t3pp,0.0
CRO2tex,0.0
CRO2tpp,0.0
CRO4Rx,0.0
CRO4Ry,0.0
CRO4abcpp,0.0
CRO4t3pp,0.0
CRO4tex,0.0
CRTNIH,0.0
CRTNtex,0.0
CRTNtpp,0.0
CS,1.3239810732397435
CSND,0.0
CSNt2pp,0.0
CSNtex,0.0
CSPMDDC,0.0
CSPMDDH,0.0
CTI1,0.0
CTPS2,0.0
CU2abcpp,0.0
CU2t4pp,0.0
CU2tex,0.000600747901343524
CU2tonex,0.0
CU2tpp,0.000600747901343524
CUt3,0.0
CUtex,0.0
CUt2pp,0.0
CYANST,0.0
CYANt2pp,0.0
CYANtex,0.0
CYO1_KT,8.624786309181152
CYO4pp,0.0
CYRDAAT,4.75565431308505e-05
CYRDAR,2.377827156542525e-05
CYSDS,0.0
CYSDabcpp,0.0
CYSDtex,0.0
CYSS,0.012799321101468
SLCYSS,0.0
CYSSADS,0.0
CYSTGL,0.0
CYSTL,0.0
CYSTRS,0.0
CYSTS,0.0
CYSabcpp,0.0
CYStex,0.0
CYStpp,0.0
CYTBDpp,0.0
CYTBO3_4pp,0.0
CYTCAA3pp,8.624786309181152
CYTCBB3pp,0.0
CYTDH,0.0
CYTK1,0.031025632828917633
CYTK2,0.0
DAAD,0.0
DH3MCHCDH,0.0
DH4MCHCDH,0.0
DHACOAH,0.0
DHAD1_copy1,0.0
DHAD2,0.05215246717126735
DHDPRy,0.044114558349989834
DHDPS,0.044114558349989834
DHFR,0.0025049289489460663
DHFS,0.00019022617252341465
DHMPTR,0.0
DHMPTRx,4.75565431308505e-05
DHNPA_1,0.00019022617252341465
DHNPTE,4.75565431308505e-05
DHORD2,0.0
DHORDfum,0.07072425692504865
DHORTS,-0.07072425692504865
DHPM1,0.00012262337354357642
DHPM2,0.0
DHPPDA2,0.0001426696293925515
DHPS,0.00019022617252341465
DHQTi_copy1,0.0
DHQS,0.08655909298133534
DHSKDH,0.0
DKGLCNR3,0.0
DLASNR,0.0
DLCYSR,0.0
DLEUabcpp,0.0
DLEUtex,0.0
DLMETR,0.0
DLYSAD,0.0
DLYSOXGAT,-0.13912570726811885
DLYSPYRAT,0.13912570726811885
DLYSabcpp,0.0
DLYStex,0.0
DMATT,0.00010684227851370458
METDtex,0.0
DMGDH2,0.0
DMGLYBabcpp,0.0
DMGLYtex,0.0
DMPPS,0.0
DMQMT,4.75565431308507e-05
DMSO2abcpp,0.0
DMSO2tex,0.0
DM_5drib_c,0.0001426696293925515
DM_amob_c,4.75565431308505e-05
DM_C100aPHA_c,0.0
DM_C100pPHA_c,0.0
DM_C101PAH_c,0.0
DM_C120aPHA_c,0.0
DM_C121aPHA_c,0.0
DM_C121d6PHA_c,0.0
DM_C140aPHA_c,0.0
DM_C141aPHA_c,0.0
DM_C141d5PHA_c,0.0
DM_C142PHA_c,0.0
DM_C40aPHA_c,0.0
DM_C40atPHA_c,0.0
DM_C40pPHA_c,0.0
DM_C50aPHA_c,0.0
DM_C50pPHA_c,0.0
DM_C60aPHA_c,0.0
DM_C60atPHA_c,0.0
DM_C60pPHA_c,0.0
ECOAH20,0.0
ECOAH21,0.0
ECOAH22,0.0
ECOAH23,0.0
ECOAH24,0.0
ECOAH25,0.0
ECOAH26,0.0
ECOAH27,0.0
ECOAH28,0.0
ECOAH29,0.0
ECOAH3,0.0
ECOAH30,0.0
ECOAH31,0.0
ECOAH32,0.0
ECOAH33,0.0
ECOAH34,0.0
ECOAH35,0.0
ECOAH36,0.0
ECOAH37,0.0
ECOAH38,0.0
ECOAH4,0.0
ECOAH5,0.0
ECOAH6,0.0
ECOAH7,0.0
ECOAH8,0.0
ECOAH9ir,0.0
ECTOH,0.0
ECTOabcpp,0.0
ECTOtex,0.0
EDA,1.9156240383588514
EDD,1.9156240383588514
EDTXS1_kt,0.001854491924062224
EDTXS2_kt,0.001854491924062224
EDTXS5_kt,0.0
EDTXS6_kt,0.0
EGMEACPR,4.75565431308505e-05
ENO,1.472278165021498
EPMEACPR,4.75565431308505e-05
ETHAAL,0.0
ETHAt2pp,0.0
ETHAtex,0.0
ETHSO3abcpp,0.0
ETHSO3tex,0.0
ETOHtex,0.0
ETOHtrpp,0.0
EX_12dgr160_e,0.0
EX_12dgr180_e,0.0
EX_13dampp_e,0.0
EX_15dap_e,0.0
EX_1ag160_e,0.0
EX_1ag180_e,0.0
EX_1ag181d9_e,0.0
EX_1ag182d9d12_e,0.0
EX_25dkglcn_e,0.0
EX_26dap__M_e,0.0
EX_AEP_e,0.0
EX_2ddglcn_e,0.0
EX_2dhglcn_e,0.0
EX_2m35mdntha_e,0.0
EX_34dhbz_e,0.0
EX_34dhcinm_e,0.0
EX_34dhphe_e,0.0
EX_35dnta_e,0.0
EX_3h4atb_e,0.0
EX_3mb_e,0.0
EX_btd_RR_e,0.0
EX_btn_e,0.0
EX_butso3_e,0.0
EX_bz_e,0.0
EX_ca2_e,-0.0009012284810357587
EX_carn_e,0.0
EX_catechol_e,0.0
EX_cbi_e,0.0
EX_cbl1_e,0.0
EX_cd2_e,0.0
EX_cell4_e,0.0
EX_cgly_e,0.0
EX_chol_e,0.0
EX_chols_e,0.0
EX_chor_e,0.0
EX_cinnm_e,0.0
EX_cit_e,0.0
EX_cl_e,-0.0009012284810357587
EX_cm_e,0.0
EX_cmcbtt_e,0.0
EX_co2_e,4.671940240399572
EX_co_e,0.0
EX_cobalt2_e,-0.0006483044444743746
EX_confrl_e,0.0
EX_creat_e,0.0
EX_crn_e,0.0
EX_cro2_e,0.0
EX_cro4_e,0.0
EX_crtn_e,0.0
EX_csn_e,0.0
EX_cu2_e,-0.000600747901343524
EX_cu_e,0.0
EX_cyan_e,0.0
EX_cys__D_e,0.0
EX_cys__L_e,0.0
EX_dag181d9_e,0.0
EX_dag182d9d12_e,0.0
EX_dca_e,0.0
EX_ddca_e,0.0
EX_dgudbutn_e,0.0
EX_dmanur_e,0.0
EX_dmgly_e,0.0
EX_dmso2_e,0.0
EX_dopa_e,0.0
EX_ecto__L_e,0.0
EX_enter_e,0.0
EX_etha_e,0.0
EX_ethso3_e,0.0
EX_etoh_e,0.0
EX_fald_e,0.0
EX_fcmcbtt_e,0.0
EX_fe2_e,-0.0031321208473668216
EX_fe3_e,0.0
EX_fe3dcit_e,0.0
EX_fe3mcbtt_e,0.0
EX_fe3pyovd_e,0.0
EX_fe3pyovd_kt_e,0.0
EX_fecrm_e,0.0
EX_fecrm_un_e,0.0
EX_feenter_e,0.0
EX_feoxam_e,0.0
EX_feoxam_un_e,0.0
EX_fer_e,0.0
EX_for_e,0.0
EX_fru_e,0.0
EX_fum_e,0.0
EX_ga_e,0.0
EX_galct__D_e,0.0
EX_galur_e,0.0
EX_glc__D_e,-2.21
EX_glcn_e,0.0
EX_glcr_e,0.0
EX_glcur_e,0.0
EX_gln__L_e,0.0
EX_glu__L_e,0.0
EX_glutar_e,0.0
EX_gly_e,0.0
EX_glyald_e,0.0
EX_glyb_e,0.0
EX_glyc__R_e,0.0
EX_glyc_e,0.0
EX_glyclt_e,0.0
EX_glycol_e,0.0
EX_glygln_e,0.0
EX_glyglu_e,0.0
EX_glygly_e,0.0
EX_glymet_e,0.0
EX_glyphe_e,0.0
EX_glyser_e,0.0
EX_gua_e,0.0
EX_gudac_e,0.0
EX_gudptn_e,0.0
EX_h2o2_e,0.0
EX_h2o_e,10.262136925229647
EX_h2s_e,0.0
EX_h_e,2.08776657798893
EX_hco3_e,0.0
EX_hcys__L_e,0.0
EX_hdca_e,0.0
EX_hdcea_e,0.0
EX_hg2_e,0.0
EX_hgentis_e,0.0
EX_his__L_e,0.0
EX_hisgly_e,0.0
EX_hishis_e,0.0
EX_hom__L_e,0.0
EX_hpta_e,0.0
EX_hxa_e,0.0
EX_hxan_e,0.0
EX_icit_e,0.0
EX_ile__L_e,0.0
EX_ind3ac_e,0.0
EX_indole_e,0.0
EX_ins_e,0.0
EX_isetac_e,0.0
EX_k_e,-0.033803318812233106
EX_lac__D_e,0.0
EX_lac__L_e,0.0
EX_leu__D_e,0.0
EX_leu__L_e,0.0
EX_leuleu_e,0.0
EX_lnlc_e,0.0
EX_lpspput_e,0.0
EX_lys__D_e,0.0
EX_lys__L_e,0.0
EX_m_xyl_e,0.0
EX_mal__D_e,0.0
EX_mal__L_e,0.0
EX_man_e,0.0
EX_manur_e,0.0
EX_mcbtt_e,0.0
EX_meoh_e,0.0
EX_met__L_e,0.0
EX_mg2_e,-0.0015021896404202283
EX_mmet_e,0.0
EX_mn2_e,-0.000600747901343524
EX_mobd_e,-0.000695860987605225
EX_mso3_e,0.0
EX_na1_e,-0.000751094820210114
EX_nac_e,0.0
EX_nh4_e,-2.2699539886588873
EX_ni2_e,-0.000600747901343524
EX_no2_e,0.0
EX_no3_e,0.0
EX_no_e,0.0
EX_nona_e,0.0
EX_o2_e,-4.317646073340635
EX_o_xyl_e,0.0
EX_oaa_e,0.0
EX_ocdca_e,0.0
EX_ocdcea_e,0.0
EX_octa_e,0.0
EX_orn__D_e,0.0
EX_orn_e,0.0
EX_orot_e,0.0
EX_oxa_e,0.0
EX_5g2oxpt_e,0.0
EX_p_xyl_e,0.0
EX_pac_e,0.0
EX_pacald_e,0.0
EX_pb2_e,0.0
EX_pea_e,0.0
EX_peamn_e,0.0
EX_pentso3_e,0.0
EX_phe__D_e,0.0
EX_phe__L_e,0.0
EX_phedca_e,0.0
EX_phehpa_e,0.0
EX_phehxa_e,0.0
EX_pheme_e,0.0
EX_phenona_e,0.0
EX_pheocta_e,0.0
EX_phept_e,0.0
EX_phpyr_e,0.0
EX_pi_e,-0.19616796806022738
EX_pnto__R_e,0.0
EX_ppa_e,0.0
EX_ppi_e,0.0
EX_prealg_MG_14_e,0.0
EX_prealg_MG_23_e,0.0
EX_prealg_MG_32_e,0.0
EX_prealg_MG_41_e,0.0
EX_prealginate_G_e,0.0
EX_pro__D_e,0.0
EX_pro__L_e,0.0
EX_progly_e,0.0
EX_pta_e,0.0
EX_ptrc_e,0.0
EX_ptsla_e,0.0
EX_pydam_e,0.0
EX_pyovd_e,0.0
EX_pyovd_kt_e,0.0
EX_pyr_e,0.0
EX_quin_e,0.0
EX_rib__D_e,0.0
EX_sbo3_e,0.0
EX_sel_e,0.0
EX_ser__D_e,0.0
EX_ser__L_e,0.0
EX_sheme_e,0.0
EX_skm_e,0.0
EX_so2_e,0.0
EX_so3_e,0.0
EX_so4_e,-0.039664716067620565
EX_spmd_e,0.0
EX_succ_e,0.0
EX_sulfac_e,0.0
EX_tag160_e,0.0
EX_tag180_e,0.0
EX_tag181d9_e,0.0
EX_tag182d9d12_e,0.0
EX_taur_e,0.0
EX_tcynt_e,0.0
EX_thr__L_e,0.0
EX_thym_e,0.0
EX_tmanur_e,0.0
EX_tnt_e,0.0
EX_tol_e,0.0
EX_trp__L_e,0.0
EX_tsul_e,0.0
EX_ttdca_e,0.0
EX_ttdcea_e,0.0
EX_ttrcyc_e,0.0
EX_tungs_e,0.0
EX_tyr__D_e,0.0
EX_tyr__L_e,0.0
EX_ura_e,0.0
EX_urea_e,0.0
EX_uri_e,0.0
EX_vacc_e,0.0
EX_val__D_e,0.0
EX_val__L_e,0.0
EX_vanln_e,0.0
EX_vanlt_e,0.0
EX_xan_e,0.0
EX_zn2_e,-0.000600747901343524
FA100ACPHi,0.0
FA120ACPHi,0.0
FA140ACPHi,0.0
FA141ACPHi,0.0
FA160ACPHi,0.0
FA161ACPHi,0.0
FA80ACPHi,0.0
FACOAE100,0.0
FACOAE120,0.0
FACOAE140,0.0
FACOAE141,0.0
FACOAE160,0.0
FACOAE161,0.0
FACOAE180,0.0
FACOAE181,0.0
HMR_0260,0.0
FACOAE1829Z12Z,0.0
FACOAE50,0.0
FACOAE60,0.0
FACOAE70,0.0
FACOAE80,0.0
FACOAE90,0.0
HMR_0180_copy1,0.0
FACOAL100t2pp,0.0
HMR_0188,0.0
FACOAL120t2pp,0.0
FACOAL140,0.0
FACOAL140t2pp,0.0
FACOAL141,0.0
FACOAL141t2pp,0.0
FACOAL160,0.0
FACOAL160t2pp,0.0
FACOAL161,0.0
FACOAL161t2pp,0.0
FACOAL180,0.0
FACOAL180t2pp,0.0
FACOAL1812,0.0
FACOAL181d11tpp,0.0
FACOAL181d6t2pp,0.0
FACOAL181,0.0
FACOAL181t2pp,0.0
FACOAL1821,0.0
FACOAL182t2pp,0.0
FACOAL50i,0.0
FACOAL50t2pp,0.0
FACOAL60i,0.0
FACOAL60t2pp,0.0
FACOAL_70_c,0.0
FACOAL70t2pp,0.0
FACOAL80,0.0
FACOAL80t2pp,0.0
FACOAL90i,0.0
FACOAL90t2pp,0.0
FACOALP100t2pp,0.0
FACOALP50t2pp,0.0
FACOALP60t2pp,0.0
FACOALP70t2pp,0.0
FACOALP80t2pp,0.0
FACOALP90t2pp,0.0
FACOALT60t2pp,0.0
FALDH2,0.0
FALDM,-4.75565431308505e-05
FALDep,0.0
FALDtex,0.0
FALDtpp,0.0
FALDtpp2,0.0
PPAtex,0.0
FALGTHLs,0.0
FBA,0.0
FBACS,4.75565431308505e-05
FBACabcpp,4.75565431308505e-05
FBP,0.0
FCLT,9.5113086261701e-05
FCOAHA,0.0
FDH,0.0008084612332244711
FDMO,0.0
FDMO2,0.0
FDMO3,0.0
FDMO4,0.0
FDMO5,0.0
FDMO6,0.0
FDMO7,0.0
FDMOtau,0.0
FE2t3pp,0.0
FE2tex,0.0031321208473668216
FE3DCIT2abcpp,0.0
FE3DCITCH,0.0017800648677722382
FE3DCITR,0.0
FE3DCITR2,0.0017800648677722382
FE3DCITR3,0.0
FE3DCITR4,0.0
FE3DCITabcpp,0.0
FE3DCITtonex,0.0
FE3PYOVD2tonex,0.0
FE3PYOVDDR,0.0
FE3PYOVDDR2,0.0
FE3PYOVDL,0.0
FE3PYOVDL2,0.0
FE3PYOVDtonex,0.0
FE3abcpp,0.0031321208473668216
FECRMR1,0.0
FECRMR2,0.0
FECRMUtex,0.0
FECRMUtpp,0.0
FECRMabcpp,0.0
FECRMexs,0.0
FECRMtonex,0.0
FEENTERR1,0.0
FEENTERR2,0.0
FEENTERabcpp,0.0
FEENTERexs,0.0
FEENTERtex,0.0
FEENTERtonex,0.0
FEENTERtpp,0.0
FEOXAMR1,0.0
FEOXAMR2,0.0
FEOXAMUtex,0.0
FEOXAMUtpp,0.0
FEOXAMabcpp,0.0
FEOXAMexs,0.0
GAt1,0.0
FEOXAMtonex,0.0
FEROpp,0.0007830302118417054
FERULCOAS,0.0
FERtex,0.0
FERtpp,0.0
FLDR2,0.0006521430892113942
FMETTRS,0.0
FMNAT,4.75565431308505e-05
FMNRx2_copy1,-0.29651058641145916
FMNRx,0.29655814295459004
FMNRx2_copy2,0.0
FOLD3,0.0
FORGLUIH2,0.0
FORt2pp,0.0
FORtex,0.0
FRDO4r,0.0
FRDO5r,0.0
FRDO6r,0.0
FRDO7r,-0.001175371692671222
FRUK,0.0
FRUptspp,0.0
FRUtex,0.0
FTHFCL,0.0
FTHFD,0.0
FUM,1.2897017624801186
FUMAC,0.0
FUMt2_2pp,0.0
FUMtex,0.0
G1PACT,0.016876388328264505
G1PTT,0.0
G1SAT,0.001521809380187216
G2PP,0.0
G3PAT120,0.0
G3PAT140,9.06346674018451e-05
G3PAT141,0.0
G3PAT160,0.0028559516843423764
G3PAT161,0.014324329352269492
G3PAT180,0.0009500645724122825
G3PAT181,0.006466410317549995
G3PD2,-0.03377815436340153
G3PD5,0.0
G3PEabcpp,0.0
G3PGabcpp,0.0
G5SADs,0.056146577020135965
G5SD_copy1,0.056146577020135965
G6PBDH,0.0
G6PDH2r,0.0
G6PI,0.0
GACH,0.0
GAD2ktpp,0.0
GADOX,0.0
GALCTD,0.0
GALCTt2rpp,0.0
GALCTtex,0.0
GALURDH,0.0
GALURt2rpp,0.0
GALURtex,0.0
GALUi,0.007417967696248896
GAPD,1.8697369858015427
GARFT,0.0884860926393185
GART,0.0
GAt2pp,0.0
GBDM,0.0
GCALDD,0.00019022617252341465
GCALDtabcpp,0.0
GDBTALDH,0.0
GDPDPK,0.0
GDPMANNDH,0.0
GDPTPDP,0.0
GF6PTA,0.016876388328264505
GG15DAPAH,0.0
GG15DAPDxr,0.0
GG15DAPO,0.0
GG15DAPS,0.0
GGDAPAH,0.0
GGDAPDxr,0.0
GGDAPO,0.0
GGDAPS,0.0
GGGABADxr,0.0
GGGABAH,0.0
GGPTRCO,0.0
GGPTRCS,0.0
GGSPMDO,0.0
GGSPMDS,0.0
GHMT2r,0.23348812522569054
GK1,0.04936326525374094
GLBRAN3,0.0
GLCDpp,2.21
GLCNt2rpp,2.21
GLCNtex,0.0
GLCOAS,0.0
GLCOASYNT,0.0
GLCP3,0.0
GLCP4,0.0
GLCRD,0.0
GLCRt2rpp,0.0
GLCRtex,0.0
GLCS3_1,0.0
GLCURDH,0.0
GLCURt2rpp,0.0
GLCURtex,0.0
GLCabcpp,0.0
GLCtex,2.21
GLDBRAN3,0.0
GLGC,0.0
GLNS_copy1,0.0
GLNTRAT,0.0
GLNTRS,0.0
GLNtex,0.0
GLU5K,0.056146577020135965
GLUCYS_copy1,0.0
GLUDxi,-1.7599697758319814
GLUDy,0.0
GLUNpp,0.0
GLUPRT,0.0884860926393185
GLUR,-0.14478216354615778
GLUSy,0.0
GLUTARt2rpp,0.0
GLUTARtex,0.0
GLUTCOADHc,0.0
GLUTRR,0.001521809380187216
GLUTRS,0.001521809380187216
GLUabcpp,0.0
GLUt2rpp,0.0
GLUt4pp,0.0
GLUtex,0.0
GLXCL,0.0
GLXO3r,0.0
GLYALDDr,0.0
GLYALDtex,0.0
GLYALDtpp,0.0
GLYBACT1r,0.0
GLYBCOAT,0.0
GLYBabcpp,0.0
GLYBt2pp,0.0
GLYBtex,0.0
GLYBti4pp,0.0
GLYCAt2rpp,0.0
GLYCAtex,0.0
GLYCK,0.0
GLYCL,0.0
GLYCLTDx,0.0
GLYCLTDy,0.0
GLYCLTt2rpp,0.0
GLYCLTt4pp,0.0
GLYCLTtex,0.0
GLYCOLDHpp,0.0
GLYCOLtex,0.0
GLYCTO1,0.00019022617252341465
GLYCtex,0.0
GLYCtpp,-0.0010598924634992242
HPYRRx,0.0
GLYGLNabcpp,0.0
GLYGLNtex,0.0
GLYGLUabcpp,0.0
GLYGLUtex,0.0
GLYGLYabcpp,0.0
GLYGLYtex,0.0
GLYK,0.0010598924634992242
GLYMETabcpp,0.0
GLYMETtex,0.0
GLYO1,0.0
GLYOX,0.0
GLYPHEabcpp,0.0
GLYPHEtex,0.0
GLYSERabcpp,0.0
GLYSERtex,0.0
GLYTRS,0.0
GLYabcpp,0.0
GLYt2pp,0.0
GLYt4pp,0.0
GLYtex,0.0
GMAND,0.0
GMHEPAT,0.003708983848124448
GMHEPK,0.003708983848124448
GMHEPPA,0.003708983848124448
GMPS2,0.04931570871061009
GND,0.29437596164114854
GNK,2.21
GNNUC,0.0
GPDDA2,0.0
GPDDA4,0.0
GPTNH,0.0
GRTT,0.00010684227851370458
GRXR,0.0
GTHOr,0.0
GTHPi,0.0
GTHRDHpp,0.0
GTHRDabc2pp,0.0
GTHS,4.75565431308505e-05
GTPCI,0.00023778271565426515
GTPCII2,0.0001426696293925515
GTPDPDP,0.0
GTPDPK,0.0
GTPHs,0.0
GTR1_kt,0.0
GTR2_kt,0.0
GUACYC,0.0
GUAD,0.0
GUAPRT,0.0
GUAt2pp,0.0
GUAtex,0.0
GUDACabcpp,0.0
GUDACtex,0.0
GUDBUTNAH,0.0
GUDPTNabcpp,0.0
GUDPTNtex,0.0
H2CO3D,0.5009314089887691
H2CO3D2,-0.5009314089887691
H2O2tex,0.0
H2Otex,-10.262136925229647
H2Otpp,-12.477356948926891
H2SO,0.0
H2St1pp,0.0
H2Stex,0.0
HACD10i,0.0
HACD11i,0.0
HACD12i,0.0
HACD13i,0.0
HACD14i,0.0
HACD15i,0.0
HACD16i,0.0
HACD17i,0.0
HACD18i,0.0
HACD19i,0.0
HACD1i,0.0
HACD20i,0.0
HACD21i,0.0
HACD22i,0.0
HACD23i,0.0
HACD24i,0.0
HACD25i,0.0
SBO3tex,0.0
HACD26i,0.0
HACD27i,0.0
HACD28i,0.0
HACD29i,0.0
HACD2i,0.0
HACD30i,0.0
HACD31i,0.0
HACD32i,0.0
HACD33i,0.0
HACD3i,0.0
HACD4i,0.0
HACD5i,0.0
HACD6i,0.0
HACD7i,0.0
HACD8i,0.0
HACD9,0.0
HVCD,0.0
HADPCOADH3,0.0
HAT40tex,0.0
HAT40tpp,0.0
HATBH,0.0
HBZOPT,4.75565431308507e-05
HCO3E,0.0
HCYSMT,0.0
HCYSMT2,0.0
HCYStabcpp,0.0
HCYStex,0.0
HDCAtexi,0.0
HDCEAtexi,0.0
CTECOAI7,0.0
HEMEOS,4.75565431308505e-05
HEPCT,0.001854491924062224
HEPK1_kt,0.001854491924062224
HEPK2_kt,0.001854491924062224
HEPK3_kt,0.001854491924062224
HEPT1_kt,0.001854491924062224
HEPT2_kt,0.001854491924062224
HEX1,0.0
HG2t3pp,0.0
HG2tex,0.0
HG2tppi,0.0
HGENTISt2pp,0.0
HGENTIStex,0.0
HGNTOR,0.0
HIBDkt,0.0
HISDr,0.0
HISGLYabcpp,0.0
HISGLYtex,0.0
HISHISabcpp,0.0
HISHIStex,0.0
HISTD,0.026932144732968517
HISTP,0.026932144732968517
HISTRS,0.0
HISabcpp,0.0
HISt2rpp,0.0
HIStex,0.0
HIUH_c,0.0
HMBS,0.000190226172523402
HMGL,0.0
HMPK1,0.0
HMSD,0.0
HMSD2,0.0
HMSH,0.0
HMSH2,0.0
HMSH3,0.0
HOMt2pp,0.0
HOMtex,0.0
HOMtpp,0.0
HOPNTAL,0.0
HOPNTAL2,0.0
HOXG,0.0
HPAtexi,0.0
HPPK,0.0
HPYRI,0.0
HPYRRy,0.0
HSDy,-0.026114300145942453
HSERTA,0.026114300145942453
HSK,0.0
HSTPT,0.026932144732968517
HXAND,0.0
HXANt2pp,0.0
HXAtex,0.0
HXPRT,0.0
HYGBDIAS,4.75565431308505e-05
HYXNtex,0.0
Htex,-2.08776657798893
I2FE2SR,4.75565431308505e-05
I2FE2SS2fdx,9.5113086261701e-05
I2FE2SSfdx,9.5113086261701e-05
I2FE2ST,4.75565431308505e-05
I4FE4SRfdx,9.5113086261701e-05
I4FE4ST,9.5113086261701e-05
ICDHyr,0.8236657667312649
ICITt4pp,0.0
ICITt_kt,0.0
ICITtex,0.0
ICL,0.5003153065084786
ICYSDS,0.0007133481469627574
IG3PS,0.026932144732968517
IGPDH,0.026932144732968517
IGPS,0.016547117913044626
ILEDHr_1,0.0
ILETA,-0.05215246717126735
ILETRS,0.0
ILEabcpp,0.0
ILEt2rpp,0.0
ILEtex,0.0
IMPC,-0.11537068082915616
IMPD,0.04931570871061009
IND3ACtex,0.0
IND3ACtpp,0.0
INDOLEt5,0.0
INDOLEt6,0.0
INDOLEtex,0.0
INDOLEtpp,0.0
INSH,0.0
INStex,0.0
IPDDI,0.00010684227851370458
IPDPS,0.0006521430892113942
IPMD,0.13409004514727235
IPPMIa,-0.13409004514727235
IPPMIb,-0.13409004514727235
IPPS,0.13409004514727235
ISETACabcpp,0.0
ISETACtex,0.0
ISOAML,0.0
IVCS,0.0
IZPN,0.0
KARA1,-0.21717729722201456
KARA2,0.05215246717126735
KAS14,0.06054928927545618
KAS15,0.0
KAT1,0.0
KAT10,0.0
KAT11,0.0
KAT12,0.0
KAT13,0.0
KAT14,0.0
KAT15,0.0
KAT16,0.0
KAT17,0.0
KAT18,0.0
KAT19,0.0
ACACT11,0.0
KAT20,0.0
KAT21,0.0
KAT22,0.0
KAT23,0.0
KAT24,0.0
KAT25,0.0
KAT26,0.0
KAT27,0.0
KAT28,0.0
KAT29,0.0
ACACT8,0.0
KAT30,0.0
KAT31,0.0
KAT32,0.0
ACACT13,0.0
ACACT10,0.0
ACACT9,0.0
ACACT12,0.0
ACACT8r,0.0
VCACT,0.0
KDOCT2,0.003708983848124448
KDOPP,0.003708983848124448
KDOPS,0.003708983848124448
Kabcpp,0.0
Kt2pp,0.033803318812233106
Kt3pp,0.0
Ktex,0.033803318812233106
LALALGLUtex,0.0
LALGP,0.0
LCADi,0.0
LCTSt3ipp,0.0
LDH_D,0.0
LDH_D2,0.0
LLEUDr,0.0
LEULEUabcpp,0.0
LEULEUtex,0.0
LEUTA,-0.13409004514727235
LEUTRS,0.0
LEUabcpp,0.0
LEUt2rpp,0.0
LEUtex,0.0
LGTHL,0.0
LIPAH,0.001854491924062224
LIPOCT,4.75565431308505e-05
LIPOS,4.75565431308505e-05
LNLCtexi,0.0
LPADSS2_1,0.001854491924062224
LPCOXc,0.0
LPLIPAL1E160pp,0.0
LPLIPAL1E161pp,0.0
LPLIPAL1E180pp,0.0
LPLIPAL1E181d11pp,0.0
LPLIPAL1G160pp,0.0
LPLIPAL1G161pp,0.0
LPLIPAL1G180pp,0.0
LPLIPAL1G181d11pp,0.0
LPSALAT,0.001854491924062224
LPSGTR1_kt,0.001854491924062224
LPSGTR2_kt,0.001854491924062224
LPSGTR3_kt,0.001854491924062224
LPSGTR4_kt,0.001854491924062224
LSERDHr,0.053936370683777185
LTDCL,0.0
LYSDC,0.0
LYSMO,0.0
LYSRC,0.0
LYSTRS,0.0
LYSabcpp,0.0
LYStex,0.0
L_LACD2,0.0
L_LACt2rpp,0.0
L_LACtex,0.0
MACACI,0.0
MACCOAT,0.0
MACPD,0.0
MAGLIPA160ex,0.0
MAGLIPA180ex,0.0
MAGLIPA181d9ex,0.0
MAGLIPA182d9d12ex,0.0
MAK,0.0
MALCOAMT,4.755654313086846e-05
MALDt2_2pp,0.0
MALDtex,0.0
MALEI,0.0
MALS,0.500505532681002
MALTT,0.0
MALt2_2pp,0.0
MALtex,0.0
MAN1PT2,0.0
MAN6PI,0.0
MANE,0.0
MANabcpp,0.0
MANtex,0.0
MBCOAi,0.0
MCBTFR1,0.0
MCBTFR2,0.0
MCBTFUexs,0.0
MCBTFabcpp,0.0
MCBTFtex,0.0
MCBTFtonex,0.0
MCBTFtpp,0.0
MCCC,0.0
MCITD,0.0
MCITL2,0.0
MCITS,0.0
MCOATA,0.4124387053501813
MCSNAH,0.0
MCSNtex,0.0
MCSNtpp,0.0
MCTP1App,0.0023850779299346724
MCTP1Bpp,0.0004220376630311799
MCTP2App,1.4075030702404184e-05
MDDCP1pp,0.0006271918984207683
MDDCP2pp,1.4075030702404184e-05
MDDCP3pp,0.0
MDDCP4pp,0.0016883639101656655
MDDCP5pp,0.0
MDDEP1pp,0.0
MDDEP2pp,0.0
MDDEP3pp,0.0016883639101656655
MDDEP4pp,0.0
MDH,1.7902072951611205
MDH2,0.0
MDNTHAep,0.0
ME2,0.0
MECDPDH5,0.0006521430892113942
MECDPS_copy1,0.0
MELIBt3ipp,0.0
MEOHtex,0.0
MEOHtrpp,0.0
MEPCT,0.0006521430892113942
METAT,0.0011748385475688766
METDabcpp,0.0
METGL,0.0
METOX1s,0.0
METOX2s,0.0
METS,0.02705135597785708
METSOXR1,0.0
METSOXR2,0.0
METTRS,0.0
METabcpp,0.0
METtex,0.0
MG2tex,0.0015021896404202283
MG2tpp,0.0015021896404202283
MG2uabcpp,0.0
MGCH,0.0
MI1PP,0.0
MICITDr,0.0
MLDCP1App,6.952212134823885e-05
MLDCP1Bpp,0.0
MLDCP2App,0.0
MLDCP2Bpp,0.0
MLDCP3App,0.0004220376630311799
MLDEP1pp,0.0004220376630311799
MLDEP2pp,0.0
MLTGY1pp,0.0
MLTGY2pp,0.0
MLTGY3pp,0.0
MLTGY4pp,0.0
MMETt2pp,0.0
MMETtex,0.0
MMSAD3,0.0
MMTSAO,0.0
MN2t3pp,0.0
MNabc_1,0.000600747901343524
MNtex,0.000600747901343524
MOADSUx,0.000285339258785103
MOAT2_kt,0.001854491924062224
MOAT_kt,0.001854491924062224
MOBDabcpp,0.0
MOBDtex,0.0
MOCOS,9.5113086261701e-05
MOGDS,4.75565431308505e-05
MOHMT,0.00012262337354357642
MOTH1,0.0
MOTS1,0.0
MPTAT,0.0001426696293925515
MPTG,0.0028211906236682567
MPTG2,1.4075030702404184e-05
MPTS,0.0001426696293925515
MPTSS,0.000285339258785103
MSO3abcpp,0.0
MSO3tex,0.0
MSULR,0.0
MTHFC,0.20390433001160552
MTHFD,0.20390433001160552
MTHFR2,0.02709891252098793
MTI,0.0
MTOLDOX,0.0
MTRI,0.0
MUCCYCI,0.0
MUCCY_kt,0.0
MUCLI,0.0
MXMO,0.0
MXYLt5,0.0
MXYLt6,0.0
M_XYLtpp,0.0
M_Xylt1,0.0
NACHY,0.0
NACODA,0.0
NACt1pp,0.0
NACtex,0.0
NADDP,0.0
NADH16pp,5.291708598800829
NADH5,0.0
NADHPO,0.0
NADK,9.511308626170608e-05
NADN,0.0
NADPHQR2,0.0
NADS1,0.0004853753011922479
NADTRHD,0.0
NAMNPP,4.75565431308505e-05
NAt3_1p5pp,0.0
NAt3pp_copy1,0.0
NAt3_2pp,0.0
NAt3pp_copy2,0.03801239276637469
NAtex,0.000751094820210114
NBAHH_ir,0.0
NCBMPTSabcpp,0.0
NCBMPTStex,0.0
NDPK1,0.11170264252489326
NDPK2,0.09258128679959582
NDPK3,0.02735546194424527
NDPK4,0.0023147027764226515
NDPK5,-1.2860789440852702
NDPK6,0.0
NDPK7,0.0036701708846723635
NDPK8,0.0023040398743753754
NFMLDF,0.0
NFORGLUAH2,0.0
NH4t3pp,0.0
NH4tex,2.2699539886588873
NH4tpp,2.2699539886588873
NI2t3pp,0.0
NI2t4pp,0.0
NI2tex,0.000600747901343524
NI2tpp,0.000600747901343524
NI2uabcpp,0.0
NMNAT,0.0
NMNDA,0.0
NMNN,0.0
NMTHDA,0.0
NNATr,0.0004853753011922479
NNDMBRT,4.75565431308505e-05
NNDPR,0.0004853753011922479
NO2t2rpp,0.0
NO2tex,0.0
NO3t2pp,0.0
NO3abcpp,0.0
NO3tex,0.0
NODOx,0.0
NODOy,0.0
NONAtexi,0.0
NOtex,0.0
NOtpp,0.0
NTD1,0.0
NTD10,0.0
NTD10pp,0.0
NTD11,0.0
NTD11pp,0.0
NTD12,0.0
NTD12pp,0.0
NTD1pp,0.0
NTD2,0.00012262337354357642
NTD2pp,0.0
NTD3,0.0
NTD3pp,0.0
NTD4,0.0
NTD4pp,0.0
NTD5,0.0
NTD5pp,0.0
NTD6,0.0
NTD6pp,0.0
NTD7,0.0
NTD7pp,0.0
NTD8,0.0
NTD8pp,0.0
NTD9,0.0
NTD9pp,0.0
NTP1,0.0
NTP10,0.0
NTP3,0.0
NTP5,0.0
NTPP1,0.0
NTPP10,0.0
NTPP11,0.0
NTPP2,0.0
NTPP3,0.0
NTPP4,0.0
NTPP5,0.0
NTPP6,0.0
NTPP7,0.0
NTPP8,0.0
NTPP9,0.0
NTPTP1,0.0
NTPTP2,0.0
NITR,0.0
NTRIR2x,0.0
O2tex,4.317646073340635
O2tpp,4.316863043128793
OAADC,0.0
OAAt2_2pp,0.0
OAAtex,0.0
OARGDC,0.0
OARGabcpp,0.0
OARGtex,0.0
OBDHc,0.0
OCAALD,0.0
OCBT2i,0.0
OCBT,0.07554687426299067
OCDCAtexi,0.0
OCDCEAtexi,0.0
OCOAT1,0.0
OCOAT4,0.0
OCTAtex,0.0
OCTDPS,4.75565431308507e-05
CTECOAI8,0.0
OGMEACPD,4.75565431308505e-05
OGMEACPR,4.755654313086846e-05
OGMEACPS,4.755654313086846e-05
5HPUDICDC_c,0.0
OHCUDC2,0.0
OHPBAT,4.75565431308505e-05
OHPHM,4.75565431308507e-05
PANTS,0.00012262337354357642
OIVD1r,0.0
OIVD2,0.0
OIVD3,0.0
OMAHY,0.0
OMAIS,0.0
OMBZLM,4.75565431308507e-05
OMCDC,0.13409004514727235
OMMBLHX,4.75565431308507e-05
OMPDC,0.07072425692504865
OMPHHX,4.75565431308507e-05
OP4ENH,0.0
OP4ENH2,0.0
OPAH,0.0
OPHBDC,4.75565431308507e-05
OPHHX,4.75565431308507e-05
OPMEACPD,4.75565431308505e-05
OPMEACPR,4.75565431308505e-05
OPMEACPS,4.75565431308505e-05
ORN5O,4.75565431308505e-05
ORNCD,0.0
ORNDC,0.007095095022257382
ORNabcpp,0.0
ORNtex,0.0
OROTt2_2pp,0.0
OROTtex,0.0
ORPT,-0.07072425692504865
OSKTabcpp,0.0
OSKTpp,0.001854491924062224
OXAtpp,0.0
OXCOAHDH,0.0
OXDHCOAT,0.0
OXFOtex,0.0
OXOADLR,0.0
OXOAEL,0.0
OXPTNDH,0.0
OXYLt5,0.0
OXYLt6,0.0
O_XYLtppi,0.0
O_Xylt1,0.0
P5CD,0.0
P5CR,0.056146577020135965
PA120abcpp,0.0
PA160abcpp,0.0
PA161abcpp,0.0
PA180abcpp,0.0
PA181abcpp,0.0
PACALDtex,0.0
PACALtabcpp,0.0
PACCOAE,0.0
PACCOAL,0.0
PACt3,0.0
PACt1,0.0
PALDO2,0.0
PALDP,0.0
PALGSKT,0.0
PPAt4pp,0.0
PAPA120,0.0
PAPA140,0.0
PAPA141,0.0
PAPA160,0.0
PAPA161,0.0
PAPA180,0.0
PAPA181,0.0
PAPPT3,0.005656456278038917
PAPSR,0.0
PAPSR2,0.0
PB2abcpp,0.0
PB2t5,0.0
PB2t6,0.0
PB2tex,0.0
PB2tpp,0.0
PC,0.0
PC11M,4.75565431308505e-05
PC17M,4.75565431308505e-05
PC20M,4.75565431308505e-05
PC6AR,4.75565431308505e-05
PC6YM,4.75565431308505e-05
PC8XM,4.75565431308505e-05
PCADYOX,0.0
PDE1,0.0
PDE4,0.0
PDH,2.5516613379682056
PDHa,0.0
PDHbr,0.0
PDHcr,0.0
PDX5POi,4.75565431308505e-05
PDX5PS,4.75565431308505e-05
PE120abcpp,0.0
PE140abcpp,0.0
PE141abcpp,0.0
PE160abcpp,0.0
PE161abcpp,0.0
PE180abcpp,0.0
PE181abcpp,0.0
PEAL2tabc,0.0
PEALtabc,0.0
PEALtex,0.0
PEAMNO2pp,0.0
PEAMNtex,0.0
PEAOpp,0.0
PEAtabcpp,0.0
PENTSOtex,0.0
PERD,4.75565431308505e-05
PETNT161_kt,0.001854491924062224
PETNT181_kt,0.0
PG120abcpp,0.0
PG140abcpp,7.677289474038645e-06
PG141abcpp,0.0
PG160abcpp,0.0002465262953330187
PG161abcpp,0.001225380703272946
PG180abcpp,8.189108772307889e-05
PG181abcpp,0.0005583095511953659
PGAMT,-0.016876388328264505
PGCD,0.39745882078004463
PGI,-0.007417967696248896
PGK,-1.8697369858015427
PGL,0.0
PGLCNDH,0.0
PGLYCP,0.0
PGM,-1.472278165021498
PGMT,-0.007417967696248896
PGP120abcpp,0.0
PGP140abcpp,0.0
PGP141abcpp,0.0
PGP160abcpp,0.0
PGP161abcpp,0.0
PGP180abcpp,0.0
PGP181abcpp,0.0
PGPP120,0.0
PGPP120pp,0.0
PGPP140,3.710689912452012e-05
PGPP140pp,0.0
PGPP141,0.0
PGPP141pp,0.0
PGPP160,0.0011750518056098038
PGPP160pp,0.0
PGPP161,0.005886774962260077
PGPP161pp,0.0
PGPP180,0.00039090198905313435
PGPP180pp,0.0
PGPP181,0.0026608205768772273
PGPP181pp,0.0
PGSA120,0.0
PGSA140,3.710689912452012e-05
PGSA141,0.0
PGSA160,0.0011750518056098038
PGSA161,0.005886774962260077
PGSA180,0.00039090198905313435
PGSA181,0.0026608205768772273
PHADPC100,0.0
PHADPC101,0.0
PHADPC120,0.0
PHADPC121,0.0
PHADPC121d6,0.0
PHADPC140,0.0
PHADPC141,0.0
PHADPC141d5,0.0
PHADPC142,0.0
PHADPC40,0.0
PHADPC50,0.0
PHADPC60,0.0
PHADPC70,0.0
PHADPC80,0.0
PHADPC90,0.0
PHADPCP100,0.0
PHADPCP40,0.0
PHADPCP50,0.0
PHADPCP60,0.0
PHADPCP70,0.0
PHADPCP80,0.0
PHADPCP90,0.0
PHADPCT40,0.0
PHADPCT60,0.0
PHAP2C100,0.0
PHAP2C101,0.0
PHAP2C120,0.0
PHAP2C121,0.0
PHAP2C121d6,0.0
PHAP2C140,0.0
PHAP2C141,0.0
PHAP2C141d5,0.0
PHAP2C142,0.0
PHAP2C60,0.0
PHAP2C80,0.0
PHAPC40,0.0
PHAPC50,0.0
PHAPC70,0.0
PHAPC90,0.0
PHAPCP100,0.0
PHAPCP40,0.0
PHAPCP50,0.0
PHAPCP60,0.0
PHAPCP70,0.0
PHAPCP80,0.0
PHAPCP90,0.0
PHAPCT40,0.0
PHAPCT60,0.0
PHEDCAtexi,0.0
PHEHPAtexi,0.0
PHEHXAtexi,0.0
PHEME2abcpp,0.0
PHEMEabcpp,0.0
PHEMEtiex,0.0
PHEMEtonex,0.0
PHENONAtexi,0.0
PHEOCTAtexi,0.0
PHEPTtexi,0.0
PHETA1,-0.040740389626149856
PHETHPTOX3,0.0
PHETRS,0.0
PHEt2rpp,0.0
PHEtex,0.0
PHNACH,0.0
PHPYRtex,0.0
PHPYRtpp,0.0
PIt2rpp,0.1980224599842896
PIt7ipp,0.0
PItex,0.19616796806022738
PIuabcpp,0.0
PLCTI1,0.0
PLCTI2,0.0
PLCTI3,0.0
PLCTI4,0.0
PLCTI5,0.0
PLCTI6,0.0
PLIPA1E160pp,0.0
PLIPA1E161pp,0.0
PLIPA1E180pp,0.0
PLIPA1E181d11pp,0.0
PLIPA1G160pp,0.0
PLIPA1G161pp,0.0
PLIPA1G180pp,0.0
PLIPA1G181d11pp,0.0
PLIPA2E160pp,0.0
PLIPA2E161pp,0.0
PLIPA2E180pp,0.0
PLIPA2E181d11pp,0.0
PLIPA2G160pp,0.0
PLIPA2G161pp,0.0
PLIPA2G180pp,0.0
PLIPA2G181d11pp,0.0
PLPSLpp,0.001854491924062224
PLPSabctex,0.001854491924062224
PMANM,0.0
PMDPHT,0.0001426696293925515
PMEACPE,4.75565431308505e-05
PMPK,4.75565431308505e-05
PNTK,0.00012262337354357642
PNTOt4pp,0.0
PNTOtex,0.0
PPA,0.0
PPA2,0.0
PPBNGS,0.000760904690093608
PPC,0.0
PPCDC,0.00012262337354357642
PPCK,0.0
PPCSCT,0.0
PPGPPDP,0.0
AROAT,0.0
PPItex_1,0.0
PPIuabcpp,0.0
PPK2,-4.75565431308505e-05
PPK50_B,0.0
PPK50r,0.0
PPK,-0.7777667901331288
PPM,-0.20324259031055236
PPNCL2,0.00012262337354357642
PPND,0.02903380272648659
PPNDH,0.040740389626149856
PPPGO,9.5113086261701e-05
PPRDNDH,0.0
PPS,0.0
PPYRDC,0.0
PQQAC,4.75565431308505e-05
PQQFEP,4.75565431308505e-05
PQQH2S,4.75565431308505e-05
PQQH2tpp,0.0
PQQtpp,0.0
PRAIS,0.0884860926393185
PRAIi_copy1,0.0
PRAMPC_copy1,0.0
PRASCSi_copy1,0.0
PRATPP,0.026932144732968517
PRFGS,0.0884860926393185
PRMICI_copy1,0.0
PROD2,0.0
PROGLYabcpp,0.0
PROGLYtex,0.0
PROTRS,0.0
PROabcpp,0.0
PROt2rpp,0.0
PROt4pp,0.0
PROtex,0.0
PRPPS,0.0
PSCVT_copy1,0.0
PSD120,0.0
PSD140,5.3527768277324996e-05
PSD141,0.0
PSD160,0.0016808998787325724
PSD161,0.01029204631407164
PSD180,0.0005591625833591481
PSD181,0.0038055897406727673
PSERT,0.39745882078004463
PSP_L,0.39745882078004463
PSSA120,0.0
PSSA140,5.3527768277324996e-05
PSSA141,0.0
PSSA160,0.0016808998787325724
PSSA161,0.01029204631407164
PSSA180,0.0005591625833591481
PSSA181,0.0038055897406727673
PTA2,0.0
PTAr,0.0
PTAtex,0.0
PTOLDOX,0.0
PTPATi,0.0
PTRCTA,0.0
PTRCTA2,0.0
PTRCabcpp,0.0
PTRCt2pp,0.0
PTRCtex,0.0
PTSLAtexi,0.0
PUTA3,0.0
PXMO,0.0
PXYLt5,0.0
PXYLt6,0.0
PYAM5PO,0.0
PYDAMK,0.0
PYDAMtex,0.0
PYDAMtpp,0.0
PYDXK,0.0
PYDXNK,0.0
PYK,0.0
PYNP2r,0.00012262337354357642
PYOVD2tex,4.75565431308505e-05
PYOVDM1,4.75565431308505e-05
PYOVDM2,4.75565431308505e-05
PYOVDtex,0.0
PYRDOX,0.0
PYRZAM,0.0
PYRt2rpp,0.0
PYRtex,0.0
P_XYLtpp,0.0
P_Xylt1,0.0
QOR1,0.0
QOR2,0.0
QOR3,0.0
QUEA1,0.0
QUEA2,0.0
QUEA3,0.0
QUIDH,0.0
QUIDHy,0.0
QUIN2tex,0.0
QUINtpp,0.0
QULNS,0.0004853753011922479
R05219,4.75565431308505e-05
R15BPK,0.20336521368409594
R1PK,0.20336521368409594
RBFK,9.5113086261701e-05
RBFSa,0.000285339258785103
RBFSb,0.0001426696293925515
RBK,0.0
RDXR,0.0
RECOAH10,0.0
RECOAH11,0.0
RECOAH12,0.0
RECOAH13,0.0
RECOAH14,0.0
RECOAH15,0.0
RECOAH16,0.0
RECOAH17,0.0
RECOAH19,0.0
RECOAH2,0.0
RECOAH20,0.0
RECOAH21,0.007793301848313007
RECOAH22,0.0
RECOAH23,0.0
RECOAH24,0.0
RECOAH25,0.0
RECOAH26,0.0
RECOAH3,0.0
RECOAH4,0.0
RECOAH5,0.0
RECOAH6,-0.007793301848313007
RECOAH7,0.0
RECOAH8,0.0
RECOAH9,0.0
REPHACCOAI,0.0
RHA100tex,0.0
RHA100tpp,0.0
RHA101tex,0.0
RHA101tpp,0.0
RHA120tex,0.0
RHA120tpp,0.0
RHA121d6tex,0.0
RHA121d6tpp,0.0
RHA121tex,0.0
RHA121tpp,0.0
RHA140tex,0.0
RHA140tpp,0.0
RHA141d5tex,0.0
RHA141d5tpp,0.0
RHA141tex,0.0
RHA141tpp,0.0
RHA142tex,0.0
RHA142tpp,0.0
RHA160tex,0.0
RHA160tpp,0.0
RHA40tex,0.0
RHA40tpp,0.0
RHA50tex,0.0
RHA50tpp,0.0
RHA60tex,0.0
RHA60tpp,0.0
RHA70tex,0.0
RHA70tpp,0.0
RHA80tex,0.0
RHA80tpp,0.0
RHA90tex,0.0
RHA90tpp,0.0
RHACOAE100,0.0
RHACOAE120,0.0
RHACOAE121,0.0
RHACOAE121d6,0.0
RHACOAE140,0.0
RHACOAE141,0.0
RHACOAE141d5,0.0
RHACOAE142,0.0
RHACOAE160,0.0
HBRCH,0.0
RHACOAE50,0.0
RHACOAE60,0.0
RHACOAE70,0.0
RHACOAE80,0.0
RHACOAE90,0.0
RHACOAEP100,0.0
RHACOAEP101,0.0
RHACOAEP40,0.0
RHACOAEP50,0.0
RHACOAEP60,0.0
RHACOAEP70,0.0
RHACOAEP80,0.0
RHACOAEP90,0.0
RHACOAET40,0.0
RHACOAET60,0.0
RHACOAR100,0.0
RHACOAR101,0.0
RHACOAR120,0.0
RHACOAR121d5,0.0
RHACOAR121d6,0.0
RHACOAR140,0.0
RHACOAR141d5,0.0
RHACOAR141d7,0.0
RHACOAR142,0.0
RHACOAR60,0.0
RHACOAR70,0.0
RHACOAR80,0.0
RHACOAR90,0.0
RHACOARP100,0.0
RHACOARP40,0.0
RHACOARP50,0.0
RHACOARP60,0.0
RHACOARP70,0.0
RHACOARP80,0.0
RHACOARP90,0.0
RHACOART60,0.0
RHAP100tex,0.0
RHAP100tpp,0.0
RHAP40tex,0.0
RHAP40tpp,0.0
RHAP50tex,0.0
RHAP50tpp,0.0
RHAP60tex,0.0
RHAP60tpp,0.0
RHAP70tex,0.0
RHAP70tpp,0.0
RHAP80tex,0.0
RHAP80tpp,0.0
RHAP90tex,0.0
RHAP90tpp,0.0
RHAT40tex,0.0
RHAT40tpp,0.0
RHAT60tex,0.0
RHAT60tpp,0.0
RHMNT1,0.0
RHMNT2,0.0
RIBabcpp,0.0
RIBtex,0.0
RMD,0.0
RNDR1,0.0023040398743753754
RNDR2,0.0037155948473936995
RNDR3,0.0036701708846723635
RNDR4,0.0023147027764226515
RPE,0.02800333987263786
RPI,-0.2623782986616012
RZ5PP,4.75565431308505e-05
S7PI,0.003708983848124448
SADH,0.0
SADT,0.03891362124741045
SARCOX,0.0
SARCOX2,0.0
SBO3rt2pp,0.0
SBO3t2pp,0.0
SCYSDS,0.0
SCYSSL,0.0
SDPDS,0.044114558349989834
SDPTA,-0.044114558349989834
SELADT,0.0
SELCYSS,0.0
SELGTHR,0.0
SELGTHR2,0.0
SELGTHR3,0.0
SELMETAT,0.0
SELNPS,0.0
SELabcpp,0.0
SELtex,0.0
SERAT_copy1,0.0
SERD_L,0.0
SERTRS,0.0
SERTRS2,0.0
SERt2rpp,0.0
SERt4pp,0.0
SERtex,0.0
SFGTHi,0.0
SGDS,0.0
SGSAD,0.0
SHCHD2,4.75565431308505e-05
SHCHF,4.75565431308505e-05
SHEME2abcpp,0.0
SHEMEtonex,0.0
SHK3Dr,0.08655909298133534
SHKK,0.08655909298133534
SHSL1,0.0
SHSL2r,0.0
SKMt2pp,0.0
SKMtex,0.0
SO2tex,0.0
SO2tpp,0.0
SO3abcpp,0.0
SO3tex,0.0
SO4t2pp,0.0
SO4t4pp_1,0.039664716067620565
SO4tex,0.039664716067620565
SOTA,0.0
SPMDabcpp,0.0
SPMDtex,0.0
SPODM,0.0
SSALx,0.0
SSALy,0.0
SUCCt2_2pp,0.0
SUCCtex,0.0
SUCD4,-0.007793301848313007
SUCDi,1.1308710122286352
SUCOAS,-0.5114749747526708
SULFACabcpp,0.0
SULFACtex,0.0
SULR,0.03891362124741045
SULabcpp,0.0
T2DECAI,0.04937478118795198
T4HCINNMtex,0.0
T4HCINNMtpp,0.0
TAGLIPA160ex,0.0
TAGLIPA180ex,0.0
TAGLIPA181d9ex,0.0
TAGLIPA182d9d12,0.0
TALA,0.05542672450292437
TAUDO,0.0
TAURabcpp,0.0
TAURtex,0.0
TCYNTtex,0.0
TCYNTtpp,0.0
CTECOAI6,0.007793301848313007
TDP,0.0
TDPDRE,0.0
TDPDRR,0.0
TDPGDH,0.0
TDSK2,0.001854491924062224
TDSR1,0.0
TDSR2,0.0
TGTASE1,0.0
TGTASE2,0.0
TGTASE3,0.0
THD2pp,0.0
THDPS,0.044114558349989834
THFAT,0.0
THIORDXi,0.0
THRA2,-4.75565431308505e-05
THRA,-0.10681562125858628
THRS,0.0
THRTRS,0.0
THRabcpp,0.0
THRt2pp,0.0
THRt4pp,0.0
THRtex,0.0
THYMt4pp,0.0
THYMtex,0.0
THZPSN,4.75565431308505e-05
TKT1,0.059135708351048824
TKT2,-0.031132368478410964
TMDS,0.0023147027764226515
TMPK,4.75565431308505e-05
TMPPP,4.75565431308505e-05
TNTHAC1,0.0
TNTHAC2,0.0
TNTR1,0.0
TNTR1x,0.0
TNTR2,0.0
TNTR2x,0.0
TNTR3,0.0
TNTR4,0.0
TNTep,0.0
TNTtex,0.0
TNTtpp,0.0
TOLt5,0.0
TOLt6,0.0
TOLt7,0.0
TOLtex,0.0
TOLtpp,0.0
TPI,-0.03426352966459378
NI2abcpp,0.0
TRDR,0.050918129630274596
TRPS1_copy1,0.0
TRPS2,0.016547117913044626
TRPS3,0.016547117913044626
TRPTRS,0.0
TRPt2rpp,0.0
TRPtex,0.0
TRSARr,0.0
TRYPTAOX,0.0
TSULabcpp,0.0
TSULtex,0.0
TTDCAtexi,0.0
TTDCEAtexi,0.0
TTRCYCt2pp,0.0
TTRCYCt5,0.0
TTRCYCt7pp,0.0
TTRCYCtex,0.0
TTRCYCtpp,0.0
TUNGSabcpp,0.0
TUNGStex,0.0
TYRTA,-0.02903380272648659
TYRTRS,0.0
TYRt2rpp,0.0
TYRtex,0.0
U23GAAT2_1,0.003708983848124448
UAAGDS,0.005656456278038917
UACGAMDH2,0.001854491924062224
UAG2E,0.0
UAGAAT2_1,0.003708983848124448
UAGCVT,0.005656456278038917
UAGDP,0.016876388328264505
UAGPT3,0.005656456278038917
UAMAGS,0.005656456278038917
UAMAS,0.005656456278038917
UAPGR,0.005656456278038917
UDCPDP,0.005656456278038917
UDCPDPS,1.1729192252003379e-05
UDCPDPpp,0.001854491924062224
UDCPGT_1,0.0
UDCPPtppi,0.001854491924062224
UDPG4E,0.001854491924062224
UGLYCH,0.0
UGMDDS,0.005656456278038917
UHBZ1t_pp,0.0
UHGADA2_1,0.003708983848124448
UKQUIVORx,0.001854491924062224
UKQUIVORy,0.0
UM3PL,0.0
UM4PCP,0.0
UM4PL,0.0
UMPK,0.07996707367766843
UNK3,0.0
UPP3MT,9.5113086261701e-05
UPP3S,0.000190226172523402
UPPDC1,9.5113086261701e-05
UPPN,0.00012262337354357642
UPPRT,0.0
UQUIVOT,0.001854491924062224
URAt2pp,0.0
URAtex,0.0
URCN,0.0
UREA,4.75565431308505e-05
UREA2t2pp,0.0
UREAabcpp,0.0
UREAtex,0.0
UREAtpp,0.0
URO_c,0.0
URIDK2r,-0.0023147027764226515
URIH,0.0
URIt2pp,0.0
URItex,0.0
USHD1,0.001854491924062224
VACCtex,0.0
VALDHr,0.0
VALTA,-0.08296462870119861
VALTRS_copy1,0.0
VALabcpp,0.0
VALt2rpp,0.0
VALtex,0.0
VANKpp,0.0
VANLNtex,0.0
VANLTtex,0.0
VCOAD,0.0
VECOAH,0.0
VNDH,0.0
VNDH_2,4.75565431308505e-05
VNDH_3,0.0
VNLNpp,0.0
VNTDM,0.0
WCOS,0.0
XAND,0.0
XANt2pp,0.0
XANtex,0.0
XMO,0.0
XPPT,0.0
XTSNH,0.0
ZN2abcpp,0.0
ZN2t3pp,0.0
ZN2t4pp,0.0
ZN2t5,0.0
ZN2t6,0.0
ZNabcpp,0.000600747901343524
Zn2tex,0.000600747901343524
pentso3abcpp,0.0
SK_PHAg_c,0.0
SK_pqqA_kt_c,-4.75565431308505e-05
MEPCT_1,0.0
PRAIi_copy2,0.016547117913044626
TRPS1_copy2,0.0
TAURabc,0.0
AGPOP,1.289794538932664
GLNS_copy2,0.3581011962913851
PIabc,0.0
DHAD1_copy2,0.21717729722201456
DMALRED,0.0
PRMICI_copy2,0.026932144732968517
PTRCabc,0.0
PRAMPC_copy2,0.026932144732968517
DHQTi_copy2,0.08655909298133534
PRASCSi_copy2,0.08843853609618765
G5SD_copy2,0.0
CTPS1,0.037745180441070066
HEMEti,0.0
FOMETRi,0.0
HDH,0.0
PSCVT_copy2,0.08655909298133534
ADD,0.0
APPAT,0.00012262337354357642
VALTRS_copy2,0.0
EAR121x,0.0
MOBDabc,0.000695860987605225
ARGDI,0.0
THRD_L,0.05215246717126735
IDPh_1,0.0
MAN1PT,0.0
MECDPS_copy2,0.0006521430892113942
PPRGL,0.0884860926393185
SULabc,0.0
HMR_0180_copy2,0.0
GLUCYS_copy2,4.75565431308505e-05
NDP8,0.0
AKGDb_copy2,0.0
SERAT_copy2,0.012799321101468
13PPDH2_1,0.0
2HESR,0.0
3HPTNCOAR,0.0
3PEPTabcpp,0.0
4HPTNCOAK,0.0
4HPTNCOAL,0.0
4HPTNtex,0.0
4HPTNtpp,0.0
4OXPTCOADHx,0.0
4OXPTCOADHy,0.0
4OXPTNtex,0.0
4OXPTNtpp,0.0
4PEPTabcpp,0.0
4POPCOAM,0.0
4POPCOAM2,0.0
4POPCOAM3,0.0
ACMTSOXINtex,0.0
ACMTSOXINtpp,0.0
ACPHPHITRNtex,0.0
ACPHPHITRNtpp,0.0
ALDD2y,0.0
ALDD3y_copy2,0.0
AMALT1,0.0
ARGR,0.0
BVMO1,0.0
BVMO2,0.0
BVMO3,0.0
BVMO4,0.0
BVMO5,0.0
CHLP,0.0
CURR,0.0
D2ONEtex,0.0
D2ONEtpp,0.0
D3ONEtex,0.0
D3ONEtpp,0.0
D4ONEtex,0.0
D4ONEtpp,0.0
DHCURR,0.0
ETHP,0.0
EX_4hptn_e,0.0
EX_4oxptn_e,0.0
EX_acmtsoxin_e,0.0
EX_acpptrn_e,0.0
EX_d2one_e,0.0
EX_d3one_e,0.0
EX_d4one_e,0.0
EX_mtsoxin_e,0.0
EX_n2one_e,0.0
EX_pptrn_e,0.0
EX_und2one_e,0.0
GAPDi_nadp,0.0
GLUTARH,0.0
KAT33,0.0
LEVUACOAL,0.0
METNA,0.0
MTSOXINACT,0.0
MTSOXINtex,0.0
MTSOXINtpp,0.0
N2ONEtex,0.0
N2ONEtpp,0.0
PHER,0.0
PPTRNACT,0.0
PPTRNtex,0.0
PPTRNtpp,0.0
REPHACCOAT,0.0
SHGO,0.0
UND2ONEtex,0.0
UND2ONEtpp,0.0
4OD2,0.0
4OT,0.0
4OT2,0.0
4PCP,0.0
4PCPpp,0.0
5APTNabcpp,0.0
5APTNtex,0.0
5DH4DGLCD,0.0
5DOAN,0.0001426696293925515
5OXPROabcpp,0.0
5OXPROtex,0.0
6ATHAtexi,0.0
6HNACMO,0.0
6HNACt1pp,0.0
6HNACtex,0.0
A5PISO,0.003708983848124448
AAC24DABA,0.0
AACOAT,0.0
AACTOOR,0.0
AADSACYCL,0.0
AALDCDLsi,0.053936370683777185
AASAD3,0.0
AATA,0.0
ABTA,0.0
ABUTD,0.0
ABUTt2pp,0.0
ABUTtex,0.0
ACACT1r,0.0
ACACt2pp,0.0
ACACtex,0.0
ACALD,-0.10686317780171713
ACALDtex,0.0
ACALDtpp,0.0
ACBIPGT,4.75565431308505e-05
ACCOAC,0.41249287289258146
ACGAMT,0.0
ACGK,0.08273708237150976
ACGS,0.08273708237150976
ACHBS,0.05215246717126735
ACLS,0.21717729722201456
ACOAD10f,0.0
ACOAD11f,0.0
ACOAD12f,0.0
ACOAD13f,0.0
ACOAD14f,0.0
ACOAD15f,0.0
ACOAD16f,0.0
ACOAD17f,0.0
ACOAD18f,0.0
ACOAD19f,0.0
ACOAD1f,0.0
ACOAD20f,0.0
ACOAD21f,0.0
ACOAD22f,0.0
ACOAD23f,0.0
ACOAD24f,-0.007793301848313007
ACOAD25f,0.0
ACOAD26f,0.0
ACOAD27f,0.0
ACOAD28f,0.0
ACOAD29f,0.0
ACOAD2f,0.0
ACOAD30f,0.0
ACTD2,0.0
ACTNtex,0.0
ACTNtpp,0.0
ACt2rpp,0.0
ACt4pp,0.0
ACt5pp,0.0
ACtex,0.0
ADA,0.0
ADCL,0.00019022617252341465
ADCPS1,4.75565431308505e-05
ADCPS2,0.0
ADCS,0.00019022617252341465
ADCYRS,4.75565431308505e-05
ADEt2rpp,0.0
ADEtex,0.0
ADK1,0.3946713249268458
ADK3,0.0
ADK4,0.0
ADNCYC,0.0
ADNK1,0.0009370558319146243
ADNUC,0.0
ADNtex,0.0
ADOCBIK,4.75565431308505e-05
ADOCBLS,4.75565431308505e-05
ADOCBLabcpp,0.0
ADOCBLtonex,0.0
ADPRDP,0.0
ADPT,0.0001426696293925515
ADSELK,0.0
ADSELR,0.0
ADSELR2,0.0
ADSK,0.0
ADSL1r,0.06605497211854608
ADSL2r,0.08843853609618765
ADSS,0.06605497211854608
AEPabcpp,0.0
AEPTA,0.0
AEPtex,0.0
AGM3PA,0.0
AGM3PApp,0.0
AGM3PH,0.0
AGM3Pt2pp,0.0
AGM4PA,0.0
AGM4PApp,0.0
AGM4PCP,0.0
AGM4PCPpp,0.0
AGM4PH,0.0
AGM4Pt2pp,0.0
AGMDA,0.0
AGMH,0.0
AGMHE,0.003708983848124448
AGMT,0.0
AGMabcpp,0.0
AGMt2pp,0.0
AGMtex,0.0
AGPAT120,0.0
AGPAT140,9.06346674018451e-05
AGPAT141,0.0
AGPAT160,0.0028559516843423764
AGPAT161,0.014324329352269492
AGPAT180,0.0009500645724122825
AGPAT181,0.006466410317549995
AGPR,-0.08273708237150976
AGt3,0.0
AGtex,0.0
AGtpp,0.0
AHCi,0.0009370558319146243
AHSERL2,0.026114300145942453
AICART,0.11537068082915616
AIRC2,0.08843853609618765
AIRC3,-0.08843853609618765
AKGDH,0.5556104323906733
AKGDa,0.0
AKGDb_copy1,0.0
AKGt2rpp,0.0
AKGtex,0.0
ALAALAabcpp,0.0009135974474105987
ALAALAr,0.004742858830628319
ALAALAtex,0.0
ALAGLUabcpp,0.0
ALAHISabcpp,0.0
ALAHIStex,0.0
ALALEUabcpp,0.0
ALALEUtex,0.0
ALAR,-0.13438284843749054
ALATA_L,0.0
ALATHRabcpp,0.0
ALATHRtex,0.0
ALATRPabcpp,0.0
ALATRPtex,0.0
ALATRS,0.001854491924062224
ALAabcpp,0.0
ALAt2pp,0.0
ALAt4pp,0.0
ALAtex,0.0
ALCD19,0.0
ALCD2x,0.0
ALCDpp,0.0
ALDD1,9.5113086261701e-05
ALDD19xr,0.0
ALDD20x,0.0
ALDD2x,0.0
ALDD31,0.053936370683777185
ALDD3y_copy1,0.0
ALDD4,0.0
ALGAC1,0.0
ALGAC2,0.0
ALGAC3,0.0
ALGAC4,0.0
ALGAC5,0.0
ALGE1,0.0
ALGE2,0.0
ALGE3,0.0
ALGE4,0.0
ALGE5,0.0
ALGE6,0.0
ALGE7,0.0
ALGE8,0.0
ASPTA,-0.4662262219213771
ASPTRS,0.0
ASPabcpp,0.0
ASPt2pp,0.0
ASPtex,0.0
ASR,0.0
AST,0.0
ATHRDHr,4.75565431308505e-05
ATPHs,0.0
ATPM,0.92
ATPPRT,0.026932144732968517
ATPS4rpp,12.00323772549648
BACCL,4.75565431308505e-05
BALAALAabcpp,0.0
BALAALAtex,0.0
BALABALAabcpp,0.0
BALABALAtex,0.0
BALAGLYabcpp,0.0
BALAGLYtex,0.0
BALALEUabcpp,0.0
BALALEUtex,0.0
BALAMDAH,0.0
BALAt2pp,0.0
BALAtex,0.0
BDH,0.0
BETALDHx,0.0
BETALDHy,0.0
BGLApp,0.0
BHBtpp,0.0
BILIVERDtex,0.0
BILIVERDtpp,0.0
BLAMDabcpp,0.0
BLAMDtex,0.0
BLUB,4.75565431308505e-05
BMOCOS,4.75565431308505e-05
BMOGDS1,4.75565431308505e-05
BMOGDS2,4.75565431308505e-05
BPNT,0.0
BTDD_RR,0.0
BTDDtex,0.0
BTDDtpp,0.0
BTNt2ipp,0.0
BTNtex,0.0
BTS5,4.75565431308505e-05
BUP,0.0
BUTSO3abcpp,0.0
BUTSO3tex,0.0
BWCOGDS1,0.0
BWCOGDS2,0.0
BWCOS,0.0
BZ12DOX,0.0
BZALDH,0.0
DGUDBUTNtex,0.0
CHOLt4ipp,0.0
CHORM,0.06977419235263645
CHORS,0.08655909298133534
CHORt2rpp,0.0
CHORtex,0.0
CHRPL,0.0
CINNMCOAH,0.0
CINNMtex,0.0
CINNMtpp,0.0
CITt4pp_1,0.0
CITt_kt,0.0
CITtex,0.0
CLPNH120pp,0.0
CLPNH140pp,0.0
CLPNH141pp,0.0
CLPNH160pp,0.0
CLPNH161pp,0.0
CLPNH180pp,0.0
CLPNH181pp,0.0
CLPNS120pp,0.0
CLPNS140pp,3.8386447370193225e-06
CLPNS141pp,0.0
CLPNS160pp,0.00012326314766650934
CLPNS161pp,0.000612690351636473
CLPNS180pp,4.0945543861539444e-05
CLPNS181pp,0.00027915477559768297
CLt3_2pp,0.00045061424051787933
CLtex,0.0009012284810357587
CMCBTFR1,0.0
CMCBTFR2,0.0
CMCBTFabcpp,0.0
CMCBTFexs,0.0
CMCBTFtex,0.0
CMCBTFtonex,0.0
CMCBTFtpp,0.0
CYTOM,0.0
CMt2ex,0.0
CMt2ppi,0.0
CMtex,0.0
CMtexabc,0.0
CMtpp,0.0
CO2tex,-4.671940240399572
CO2tpp,-4.671940240399572
COALCDH,0.0
COALDDH,0.0
COBALT2t3pp,0.0
COBALT2tex,0.0006483044444743746
COBALT2tpp,0.0006483044444743746
COBALTt4pp,0.0
R05217_nad,4.75565431308505e-05
COCHL,4.75565431308505e-05
COCOAHA,0.0
COLIPAabcpp_kt,0.001854491924062224
CONFRLtex,0.0
CONFRLtpp,0.0
COt_1,0.0
Cotpp,0.0
CPH4S,0.0
CPMPS,0.0001426696293925515
CPPPGO,9.5113086261701e-05
DAAD11,0.0
DAAD12,0.0
DAAD2,0.0
DAAD3,0.0
DAAD4,0.0
DAAD5,0.0
PHET,0.0
DAAD7,0.0
DAAD8,0.0
DABAAT2,-4.75565431308505e-05
DADA,0.0
DADK,0.0
DAGK120,0.0
DAGK140,0.0
DAGK141,0.0
DAGK160,0.0
DAGK161,0.001854491924062224
DAGK180,0.0
DAGK181,0.0
DAGLIPA160ex,0.0
DAGLIPA180ex,0.0
DAGLIPA181d9ex,0.0
DAGLIPA182d9d12ex,0.0
DALAALAD,0.0
DALADALAD,0.0
DALAGLYD,0.0
DALALEUD,0.0
DALAabcpp,0.0
DALAt2pp,0.004742858830628319
DALAtex,0.0
DAPAT,0.0
DAPDC,0.03845810207195092
DAPE,0.044114558349989834
DAPabcpp,0.0
DAPtex,0.0
DARGabcpp,0.0
DARGtex,0.0
DASNabcpp,0.0
DASNtex,0.0
DASYN120,0.0
DASYN140,9.06346674018451e-05
DASYN141,0.0
DASYN160,0.0028559516843423764
DASYN161,0.016178821276331717
DASYN180,0.0009500645724122825
DASYN181,0.006466410317549995
DATPHs,0.0
DB4PS,0.000285339258785103
DBTS,4.75565431308505e-05
DCAtex,0.0
DCTPD,0.0
DCTPD2,0.0
DDCAtexi,0.0
DDGLK,0.0
DDPA,0.08655909298133534
DESATPE160,0.0
DESATPG160,0.0
DGBUTNH,0.0
DGK1,0.0
DM_C70aPHA_c,0.0
DM_C70pPHA_c,0.0
DM_C80aPHA_c,0.0
DM_C80pPHA_c,0.0
DM_C90aPHA_c,0.0
DM_C90pPHA_c,0.0
DM_acmum6p_c,0.0
DM_ppi50_c,0.0
DM_acgam_c,0.0
DM_doxopa_c,4.75565431308505e-05
DM_tripeptide_c,4.75565431308505e-05
DNMPPA,0.00023778271565426515
DNTAep,0.0
DNTPPA,0.00023778271565426515
DOPAtex,0.0
DOPAtpp,0.0
DOPDH,0.0
DORNabcpp,0.0
DORNtex,0.0
DPCOAK,0.00012262337354357642
DPHEt2rpp,0.0
DPHEtex,0.0
DPR,0.00012262337354357642
DPROabcpp,0.0
DPROtex,0.0
DSBAO1,0.0
DSBCGT,0.0
DSBDR,0.0
DSBGGT,0.0
DSERt2pp,0.0
DSERtex,0.0
DTMPK,0.0023147027764226515
DTYRt2rpp,0.0
DTYRtex,0.0
DURAD,-0.00012262337354357642
DURAD2,0.0
DUTPDP,0.0
DVALabcpp,0.0
DVALtex,0.0
DXPRIi,0.0006521430892113942
DXPS,0.0007472561754730952
D_LACt2pp,0.0
D_LACtex,0.0
E4PD,4.75565431308505e-05
EAR100y,0.007417967696248896
EAR120y,0.003708983848124448
EAR121y,0.04937478118795198
EAR140y,0.007793301848313007
EAR141y,0.04158147933963898
EAR160y,0.007612032513509318
EAR161y,0.04158147933963898
EAR180y,0.001900129144824565
EAR181y,0.01293282063509999
EAR40y,0.06054928927545618
EAR60y,0.06054928927545618
EAR80y,0.06054928927545618
HBCE,0.0
ECOAH1,0.0
ECOAH12,0.0
ECOAH14,0.0
ECOAH15,0.0
ECOAH16,0.0
ECOAH17,0.0
ECOAH18,0.0
ECOAH19,0.0
ECOAH2,0.0
EX_3oxoadp_e,0.0
EX_4abut_e,0.0
EX_4hbz_e,0.0
EX_4hpro_DC_e,0.0
EX_4hpro_LT_e,0.0
EX_5aptn_e,0.0
EX_5mcsn_e,0.0
EX_5oxpro_e,0.0
EX_6atha_e,0.0
EX_6hnac_e,0.0
EX_met__D_e,0.0
EX_LalaLglu_e,0.0
EX_Ncbmpts_e,0.0
EX_R3hdec4e_e,0.0
EX_R_3h4atba_e,0.0
EX_R_3h6atha_e,0.0
EX_R_3hcmrs7e_e,0.0
EX_R_3hdcaa_e,0.0
EX_R_3hdd5ea_e,0.0
EX_R_3hdd6e_e,0.0
EX_R_3hdda_e,0.0
EX_R_3hhdca_e,0.0
EX_R_3hhpa_e,0.0
EX_R_3hhxa_e,0.0
EX_R_3hnonaa_e,0.0
EX_R_3hocta_e,0.0
EX_R_3hpba_e,0.0
EX_R_3hpdeca_e,0.0
EX_R_3hphpa_e,0.0
EX_R_3hphxa_e,0.0
EX_R_3hpnona_e,0.0
EX_R_3hpocta_e,0.0
EX_R_3hppta_e,0.0
EX_R_3hpt_e,0.0
EX_R_3htd58e_e,0.0
EX_R_3htd5e_e,0.0
EX_R_3httdca_e,0.0
EX_T4hcinnm_e,0.0
EX_ac_e,0.0
EX_acac_e,0.0
EX_acald_e,0.0
EX_acon_C_e,0.0
EX_acser_e,0.0
EX_actn__R_e,0.0
EX_ade_e,0.0
EX_adn_e,0.0
EX_adocbl_e,0.0
EX_ag_e,0.0
EX_agm_e,0.0
EX_akg_e,0.0
EX_ala_B_e,0.0
EX_ala__D_e,0.0
EX_ala__L_e,0.0
EX_alaala_e,0.0
EX_alahis_e,0.0
EX_alaleu_e,0.0
EX_alathr_e,0.0
EX_alatrp_e,0.0
EX_algac_MG_14_e,0.0
EX_algac_MG_23_e,0.0
EX_algac_MG_32_e,0.0
EX_algac_MG_41_e,0.0
EX_algac__M_e,0.0
EX_alltn_e,0.0
EX_apc_e,0.0
EX_arbtn_e,0.0
EX_arbtn_fe3_e,0.0
EX_arg__D_e,0.0
EX_arg__L_e,0.0
EX_asn__D_e,0.0
EX_asn__L_e,0.0
EX_aso3_e,0.0
EX_aso4_e,0.0
EX_asp__L_e,0.0
EX_balaala_e,0.0
EX_balabala_e,0.0
EX_balagly_e,0.0
EX_balaleu_e,0.0
EX_balamd_e,0.0
EX_bhb_e,0.0
EX_biliverd_e,0.0
3HAD161,0.04158147933963898
3HAD180,0.001900129144824565
3HAD181,0.01293282063509999
3HAD40,0.06054928927545618
3HAD60,0.06054928927545618
3HAD80,0.06054928927545618
HBCHLR,0.0
3HBCOAHL,0.0
3HLYTCL,0.0
3MBZALDH,0.0
3MBZDH,0.0
3MBt2pp,0.0
3MBtex,0.0
3MCAT23DOX,0.0
3OADPCOAT,0.0
3OAR100,0.06050173273232533
3OAR120,0.007417967696248896
3OAR121,0.04937478118795198
3OAR140,0.0
3OAR141,0.04937478118795198
3OAR160,0.007612032513509318
3OAR161,0.04158147933963898
3OAR180,0.001900129144824565
3OAR181,0.01293282063509999
3OAR40,0.06054928927545618
3OAR60,0.06054928927545618
3OAR80,0.06054928927545618
3OAS100,0.06050173273232533
3OAS120,0.007417967696248896
3OAS121,0.04937478118795198
3OAS140,0.0
3OAS141,0.04937478118795198
3OAS160,0.007612032513509318
3OAS161,0.04158147933963898
3OAS180,0.001900129144824565
3OAS181,0.01293282063509999
3OAS60,0.06054928927545618
3OAS80,0.06054928927545618
3OXCOAT,0.0
3OXOADPt_ex,0.0
3OXOADPt_pp,0.0
3PQQS,4.75565431308505e-05
3_4DHBZ1t_pp,0.0
3_4DHBZt2,0.0
4ABUTabcpp,0.0
4CMCOAS,0.0
4CMLCL_kt,0.0
4HBADH,4.75565431308505e-05
4HBHYOX,0.0
4HBZtex,0.0
4HDPROO,0.0
4HPRODCabcpp,0.0
4HPRODCtex,0.0
4HPROE,0.0
4HPROLTabcpp,0.0
4HPROLTtex,0.0
4HTHRS,0.0
4MBZALDH,0.0
4MBZDH,0.0
4MCAT23DOX,0.0
4OD,0.0
